{"cameraMode":{"drawMode":0,"name":"Shaded","section":"Shading Mode"},"sceneLighting":true,"audioPlay":false,"sceneViewState":{"showFog":true,"showMaterialUpdate":false,"showSkybox":true,"showFlares":true,"showImageEffects":true,"showParticleSystems":true,"showVisualEffectGraphs":true,"m_FxEnabled":true},"in2DMode":false,"pivot":{"x":-1.562835693359375,"y":62.016868591308597,"z":60.454071044921878},"rotation":{"x":-0.052620675414800647,"y":0.5540820956230164,"z":-0.03512571007013321,"w":-0.8300553560256958},"size":43.413936614990237,"orthographic":false}